<?xml version="1.0" encoding="UTF-8"?>  
<beans  
    xmlns="http://www.springframework.org/schema/beans"  
    xmlns:xsi="http://www.w3.org/2001/XMLSchema-instance"  
    xmlns:p="http://www.springframework.org/schema/p"  
    xsi:schemaLocation="http://www.springframework.org/schema/beans  
                http://www.springframework.org/schema/beans/spring-beans-3.0.xsd">  
    
 
	<bean id="submarineLocation" class="com.gabriel.guiFx.Location"> 
        <property name="x" value= "50"/>  
		<property name="y" value = "50"/>  
		<property name="z" value ="0"/>	  
	</bean>
	
	<bean id="submarineBodyLocation" class="com.gabriel.guiFx.Location"> 
        <property name="x" value= "50"/>  
		<property name="y" value = "50"/>  
		<property name="z" value ="0"/>	  
	</bean>
	
	<bean id="textLocation" class="com.gabriel.guiFx.Location"> 
        <property name="x" value= "275"/>  
		<property name="y" value = "625"/>  
		<property name="z" value ="0"/>	  
	</bean>
	
	<bean id="rearSubLocation" class="com.gabriel.guiFx.Location"> 
        <property name="x" value= "200"/>  
		<property name="y" value = "75"/>  
		<property name="z" value ="0"/>	  
	</bean>
	
	<bean id="rear1SubLocation" class="com.gabriel.guiFx.Location"> 
        <property name="x" value= "160"/>  
		<property name="y" value = "80"/>  
		<property name="z" value ="0"/>	  
	</bean>
	
	<bean id="frontSubLocation" class="com.gabriel.guiFx.Location"> 
        <property name="x" value= "250"/>  
		<property name="y" value = "70"/>  
		<property name="z" value ="0"/>	  
	</bean>
	
	<bean id="innerRearSubLocation" class="com.gabriel.guiFx.Location"> 
        <property name="x" value= "205"/>  
		<property name="y" value = "80"/>  
		<property name="z" value ="0"/>	  
	</bean>
	
	<bean id="innerRear1SubLocation" class="com.gabriel.guiFx.Location"> 
        <property name="x" value= "165"/>  
		<property name="y" value = "85"/>  
		<property name="z" value ="0"/>	  
	</bean>
	
	<bean id="innerFrontSubLocation" class="com.gabriel.guiFx.Location"> 
        <property name="x" value= "255"/>  
		<property name="y" value = "75"/>  
		<property name="z" value ="0"/>	  
	</bean>    
	
	<bean id="tailLocation" class="com.gabriel.guiFx.Location"> 
        <property name="x" value= "40"/>  
		<property name="y" value = "75"/>  
		<property name="z" value ="0"/>	  
	</bean> 
	
	<bean id="baseLocation" class="com.gabriel.guiFx.Location"> 
        <property name="x" value= "190"/>  
		<property name="y" value = "150"/>  
		<property name="z" value ="0"/>	  
	</bean> 
	
	<bean id="warningLocation" class="com.gabriel.guiFx.Location"> 
        <property name="x" value= "325"/>  
		<property name="y" value = "450"/>  
		<property name="z" value ="200"/>	  
	</bean> 
	
	<bean id="warningtLocation" class="com.gabriel.guiFx.Location"> 
        <property name="x" value= "315"/>  
		<property name="y" value = "460"/>  
		<property name="z" value ="0"/>	  
	</bean> 
	
	<bean id="warningbLocation" class="com.gabriel.guiFx.Location"> 
        <property name="x" value= "315"/>  
		<property name="y" value = "560"/>  
		<property name="z" value ="0"/>	  
	</bean> 
	
	<bean id="laserLocation" class="com.gabriel.guiFx.Location"> 
        <property name="x" value= "160"/>  
		<property name="y" value = "170"/>  
		<property name="z" value ="0"/>	  
	</bean> 
	
	<bean id="laser1Location" class="com.gabriel.guiFx.Location"> 
        <property name="x" value= "250"/>  
		<property name="y" value = "120"/>  
		<property name="z" value ="0"/>	  
	</bean>
	
	<bean id="laser2Location" class="com.gabriel.guiFx.Location"> 
        <property name="x" value= "590"/>  
		<property name="y" value = "195"/>  
		<property name="z" value ="0"/>	  
	</bean>
	
	<bean id="laser3Location" class="com.gabriel.guiFx.Location"> 
        <property name="x" value= "220"/>  
		<property name="y" value = "55"/>  
		<property name="z" value ="0"/>	  
	</bean>
	
	<bean id="laser4Location" class="com.gabriel.guiFx.Location"> 
        <property name="x" value= "40"/>  
		<property name="y" value = "120"/>  
		<property name="z" value ="0"/>	  
	</bean>
	
	<bean id="laser5Location" class="com.gabriel.guiFx.Location"> 
        <property name="x" value= "330"/>  
		<property name="y" value = "130"/>  
		<property name="z" value ="0"/>	  
	</bean>
	
	<bean id="laser6Location" class="com.gabriel.guiFx.Location"> 
        <property name="x" value= "400"/>  
		<property name="y" value = "140"/>  
		<property name="z" value ="0"/>	  
	</bean>
	
	<bean id="laser7Location" class="com.gabriel.guiFx.Location"> 
        <property name="x" value= "490"/>  
		<property name="y" value = "90"/>  
		<property name="z" value ="0"/>	  
	</bean>
	
	<bean id="laser8Location" class="com.gabriel.guiFx.Location"> 
        <property name="x" value= "900"/>  
		<property name="y" value = "160"/>  
		<property name="z" value ="0"/>	  
	</bean>
   
    <bean id="text" class="com.gabriel.guiImpl.Text"> 
        <constructor-arg value= "DANGER!"/>  
		<property name="location" ref = "textLocation"/>	  
	</bean>
	 
    <bean id="submarineBody" class="com.gabriel.guiImpl.Circle"> 
        <constructor-arg value= "300"/>  
		<constructor-arg value = "100"/>  
		<property name="location" ref = "submarineBodyLocation"/>	  
	</bean>
	
	<bean id="rearSub" class="com.gabriel.guiImpl.Circle"> 
        <constructor-arg value= "40"/>  
        <constructor-arg value= "40"/>  
		<property name="location" ref = "rearSubLocation"/>	  
	</bean>
	
	<bean id="rear1Sub" class="com.gabriel.guiImpl.Circle"> 
        <constructor-arg value= "30"/>  
        <constructor-arg value= "30"/>  
		<property name="location" ref = "rear1SubLocation"/>	  
	</bean>
	
	<bean id="frontSub" class="com.gabriel.guiImpl.Circle"> 
        <constructor-arg value= "50"/>  
        <constructor-arg value= "50"/> 
		<property name="location" ref = "frontSubLocation"/>	  
	</bean> 
	 
	 <bean id="innerRearSub" class="com.gabriel.guiImpl.Circle"> 
        <constructor-arg value= "30"/>  
        <constructor-arg value= "30"/>  
		<property name="location" ref = "innerRearSubLocation"/>	  
	</bean>
	
	<bean id="innerRear1Sub" class="com.gabriel.guiImpl.Circle"> 
        <constructor-arg value= "20"/>  
        <constructor-arg value= "20"/>  
		<property name="location" ref = "innerRear1SubLocation"/>	  
	</bean>
	
	<bean id="innerFrontSub" class="com.gabriel.guiImpl.Circle"> 
        <constructor-arg value= "40"/>  
        <constructor-arg value= "40"/> 
		<property name="location" ref = "innerFrontSubLocation"/>	  
	</bean> 
	
	<bean id="tail" class="com.gabriel.guiImpl.Rectangle"> 
        <constructor-arg value= "10"/>  
        <constructor-arg value= "50"/> 
		<property name="location" ref = "tailLocation"/>	  
	</bean>  
	
	<bean id="base" class="com.gabriel.guiImpl.Rectangle"> 
        <constructor-arg value= "30"/>  
        <constructor-arg value= "10"/> 
		<property name="location" ref = "baseLocation"/>	  
	</bean>
	
	<bean id="warningt" class="com.gabriel.guiImpl.Rectangle"> 
        <constructor-arg value= "20"/>  
        <constructor-arg value= "90"/> 
		<property name="location" ref = "warningtLocation"/>	  
	</bean> 
	
	<bean id="warningb" class="com.gabriel.guiImpl.Rectangle"> 
        <constructor-arg value= "20"/>  
        <constructor-arg value= "20"/> 
		<property name="location" ref = "warningbLocation"/>	  
	</bean>  
	
	<bean id="warning" class="com.gabriel.guiImpl.Triangle"> 
        <constructor-arg value= "400"/>  
        <constructor-arg value= "600"/> 
        <constructor-arg value= "600"/> 
		<property name="location" ref = "warningLocation"/>	  
	</bean> 
	
	<bean id="laser" class="com.gabriel.guiImpl.Rectangle"> 
        <constructor-arg value= "30"/>  
        <constructor-arg value= "3"/> 
		<property name="location" ref = "laserLocation"/>	  
	</bean> 
	
	<bean id="laser1" class="com.gabriel.guiImpl.Rectangle"> 
        <constructor-arg value= "30"/>  
        <constructor-arg value= "3"/> 
		<property name="location" ref = "laser1Location"/>	  
	</bean> 
	
	<bean id="laser2" class="com.gabriel.guiImpl.Rectangle"> 
        <constructor-arg value= "30"/>  
        <constructor-arg value= "3"/> 
		<property name="location" ref = "laser2Location"/>	  
	</bean> 
	
	<bean id="laser3" class="com.gabriel.guiImpl.Rectangle"> 
        <constructor-arg value= "30"/>  
        <constructor-arg value= "3"/> 
		<property name="location" ref = "laser3Location"/>	  
	</bean> 
	
	<bean id="laser4" class="com.gabriel.guiImpl.Rectangle"> 
        <constructor-arg value= "30"/>  
        <constructor-arg value= "3"/> 
		<property name="location" ref = "laser4Location"/>	  
	</bean> 
	
	<bean id="laser5" class="com.gabriel.guiImpl.Rectangle"> 
        <constructor-arg value= "30"/>  
        <constructor-arg value= "3"/> 
		<property name="location" ref = "laser5Location"/>	  
	</bean> 
	
	<bean id="laser6" class="com.gabriel.guiImpl.Rectangle"> 
        <constructor-arg value= "30"/>  
        <constructor-arg value= "3"/> 
		<property name="location" ref = "laser6Location"/>	  
	</bean> 
	
	<bean id="laser7" class="com.gabriel.guiImpl.Rectangle"> 
        <constructor-arg value= "30"/>  
        <constructor-arg value= "3"/> 
		<property name="location" ref = "laser7Location"/>	  
	</bean> 
	
	<bean id="laser8" class="com.gabriel.guiImpl.Rectangle"> 
        <constructor-arg value= "30"/>  
        <constructor-arg value= "3"/> 
		<property name="location" ref = "laser8Location"/>	  
	</bean> 
	<bean id="submarine" class="com.gabriel.guiImpl.Submarine">
		<constructor-arg ref = "submarineBody"/> 
		<constructor-arg ref = "frontSub"/>  
		<constructor-arg ref = "rearSub"/>  
		<constructor-arg ref = "rear1Sub"/> 
		<constructor-arg ref = "innerFrontSub"/>  
		<constructor-arg ref = "innerRearSub"/>  
		<constructor-arg ref = "innerRear1Sub"/>  
		<constructor-arg ref = "tail"/>
		<constructor-arg ref = "base"/>
		<constructor-arg ref = "warning"/>
		<constructor-arg ref = "warningt"/>
		<constructor-arg ref = "warningb"/>
		<constructor-arg ref = "laser"/>
		<constructor-arg ref = "laser1"/>
		<constructor-arg ref = "laser2"/>
		<constructor-arg ref = "laser3"/>
		<constructor-arg ref = "laser4"/>
		<constructor-arg ref = "laser5"/>
		<constructor-arg ref = "laser6"/>
		<constructor-arg ref = "laser7"/>
		<constructor-arg ref = "laser8"/>
		<constructor-arg ref = "text"/>
		<property name="location" ref = "submarineLocation"/>	    
	</bean> 
	
	
	
</beans>          